{"loss": [0.693432629108429], "cost": [72.21104431152344], "seq_lengths": [16]}